{"name":"t:sections.header.name","type":"header","sections":{"header":{"type":"header","settings":{"logo_position":"middle-left","menu":"main-menu","menu_type_desktop":"drawer","sticky_header_type":"on-scroll-up","show_line_separator":false,"color_scheme":"scheme-1","menu_color_scheme":"scheme-1","enable_country_selector":false,"enable_language_selector":true,"enable_customer_avatar":true,"mobile_logo_position":"center","margin_bottom":0,"padding_top":20,"padding_bottom":20}},"announcement_bar_YzBwkD":{"type":"announcement-bar","blocks":{"announcement_QXddNE":{"type":"announcement","settings":{"text":"Welcome to our store","link":""}}},"block_order":["announcement_QXddNE"],"settings":{"color_scheme":"","show_line_separator":true,"show_social":false,"auto_rotate":false,"change_slides_speed":5,"enable_country_selector":true,"enable_language_selector":false}}},"order":["header","announcement_bar_YzBwkD"]}